-- phpMyAdmin SQL Dump
-- version 5.2.1
-- https://www.phpmyadmin.net/
--
-- Host: 127.0.0.1
-- Generation Time: Jun 18, 2024 at 02:39 PM
-- Server version: 10.4.28-MariaDB
-- PHP Version: 8.2.4

SET SQL_MODE = "NO_AUTO_VALUE_ON_ZERO";
START TRANSACTION;
SET time_zone = "+00:00";


/*!40101 SET @OLD_CHARACTER_SET_CLIENT=@@CHARACTER_SET_CLIENT */;
/*!40101 SET @OLD_CHARACTER_SET_RESULTS=@@CHARACTER_SET_RESULTS */;
/*!40101 SET @OLD_COLLATION_CONNECTION=@@COLLATION_CONNECTION */;
/*!40101 SET NAMES utf8mb4 */;

--
-- Database: `billiard`
--

-- --------------------------------------------------------

--
-- Table structure for table `bookings`
--

CREATE TABLE `bookings` (
  `booking_id` int(11) NOT NULL,
  `user_id` int(11) DEFAULT NULL,
  `table_id` int(11) DEFAULT NULL,
  `table_name` varchar(100) NOT NULL,
  `start_time` datetime NOT NULL,
  `end_time` datetime NOT NULL,
  `status` varchar(100) NOT NULL
) ENGINE=InnoDB DEFAULT CHARSET=latin1 COLLATE=latin1_swedish_ci;

--
-- Dumping data for table `bookings`
--

INSERT INTO `bookings` (`booking_id`, `user_id`, `table_id`, `table_name`, `start_time`, `end_time`, `status`) VALUES
(1, 1, 1, '', '2024-06-18 17:09:00', '2024-06-18 20:12:00', 'Pending'),
(2, 1, 2, 'Table ni sam', '2024-06-14 01:07:00', '2024-06-14 02:08:00', 'Pending'),
(7, 1, 2, 'Table ni sam', '2024-06-18 21:04:00', '2024-06-18 22:05:00', 'Pending'),
(8, 2, 1, 'Table 4', '2024-06-18 21:06:00', '2024-06-18 22:07:00', 'Pending'),
(9, 2, 1, 'Table 4', '2024-06-18 21:06:00', '2024-06-18 22:07:00', 'Pending'),
(10, 2, 1, 'Table 4', '2024-06-18 21:06:00', '2024-06-18 22:07:00', 'Pending'),
(11, 2, 1, 'Table 4', '2024-06-18 21:06:00', '2024-06-18 22:07:00', 'Pending');

-- --------------------------------------------------------

--
-- Table structure for table `inventory`
--

CREATE TABLE `inventory` (
  `item_id` int(11) NOT NULL,
  `item_name` varchar(255) NOT NULL,
  `quantity` varchar(255) NOT NULL,
  `description` text NOT NULL,
  `image` varchar(255) NOT NULL
) ENGINE=InnoDB DEFAULT CHARSET=latin1 COLLATE=latin1_swedish_ci;

--
-- Dumping data for table `inventory`
--

INSERT INTO `inventory` (`item_id`, `item_name`, `quantity`, `description`, `image`) VALUES
(15, 'tako', '123', 'tako', 'tako.jpg'),
(16, 'tako', '4555', 'tako', 'tako.jpg'),
(18, 'tako', '123', 'tako', 'tako.jpg'),
(19, 'ball', '123', 'ball', 'ball.jpg');

-- --------------------------------------------------------

--
-- Table structure for table `tables`
--

CREATE TABLE `tables` (
  `table_id` int(11) NOT NULL,
  `table_number` varchar(100) NOT NULL,
  `status` enum('Available','Occupied','Under Maintenance') NOT NULL
) ENGINE=InnoDB DEFAULT CHARSET=latin1 COLLATE=latin1_swedish_ci;

--
-- Dumping data for table `tables`
--

INSERT INTO `tables` (`table_id`, `table_number`, `status`) VALUES
(1, 'Table 4', 'Occupied'),
(2, 'Table ni sam', 'Under Maintenance'),
(3, 'Table 2', 'Available'),
(4, 'Table 3', 'Available');

-- --------------------------------------------------------

--
-- Table structure for table `tbl_user`
--

CREATE TABLE `tbl_user` (
  `tbl_user_id` int(11) NOT NULL,
  `name` varchar(255) NOT NULL,
  `username` varchar(255) NOT NULL,
  `password` varchar(255) NOT NULL,
  `role` varchar(255) NOT NULL
) ENGINE=InnoDB DEFAULT CHARSET=utf8mb4 COLLATE=utf8mb4_general_ci;

--
-- Dumping data for table `tbl_user`
--

INSERT INTO `tbl_user` (`tbl_user_id`, `name`, `username`, `password`, `role`) VALUES
(1, 'Lorem Ipsum', 'admin', 'admin', 'admin'),
(3, 'John Doe', 'user', 'user', 'user'),
(4, 'jake', 'jake', 'jake', 'user'),
(5, 'ada', 'asda', 'asd', 'cashier');

-- --------------------------------------------------------

--
-- Table structure for table `users`
--

CREATE TABLE `users` (
  `user_id` int(11) NOT NULL,
  `name` varchar(100) NOT NULL,
  `email` text NOT NULL,
  `username` varchar(50) NOT NULL,
  `password` varchar(100) NOT NULL,
  `role` varchar(100) NOT NULL
) ENGINE=InnoDB DEFAULT CHARSET=latin1 COLLATE=latin1_swedish_ci;

--
-- Dumping data for table `users`
--

INSERT INTO `users` (`user_id`, `name`, `email`, `username`, `password`, `role`) VALUES
(1, 'jakezyrus', 'jakezyrus@gmail.com', 'jake', 'jake', 'user'),
(2, 'sam', 'sam', 'sam', 'sam', 'user'),
(3, 'cris', 'cris', 'cris', 'cris', 'admin'),
(4, 'chuy', 'chuy', 'chuy', 'chuy', 'cashier');

--
-- Indexes for dumped tables
--

--
-- Indexes for table `bookings`
--
ALTER TABLE `bookings`
  ADD PRIMARY KEY (`booking_id`),
  ADD KEY `user_id` (`user_id`),
  ADD KEY `table_id` (`table_id`);

--
-- Indexes for table `inventory`
--
ALTER TABLE `inventory`
  ADD PRIMARY KEY (`item_id`);

--
-- Indexes for table `tables`
--
ALTER TABLE `tables`
  ADD PRIMARY KEY (`table_id`);

--
-- Indexes for table `tbl_user`
--
ALTER TABLE `tbl_user`
  ADD PRIMARY KEY (`tbl_user_id`);

--
-- Indexes for table `users`
--
ALTER TABLE `users`
  ADD PRIMARY KEY (`user_id`);

--
-- AUTO_INCREMENT for dumped tables
--

--
-- AUTO_INCREMENT for table `bookings`
--
ALTER TABLE `bookings`
  MODIFY `booking_id` int(11) NOT NULL AUTO_INCREMENT, AUTO_INCREMENT=12;

--
-- AUTO_INCREMENT for table `inventory`
--
ALTER TABLE `inventory`
  MODIFY `item_id` int(11) NOT NULL AUTO_INCREMENT, AUTO_INCREMENT=20;

--
-- AUTO_INCREMENT for table `tables`
--
ALTER TABLE `tables`
  MODIFY `table_id` int(11) NOT NULL AUTO_INCREMENT, AUTO_INCREMENT=5;

--
-- AUTO_INCREMENT for table `tbl_user`
--
ALTER TABLE `tbl_user`
  MODIFY `tbl_user_id` int(11) NOT NULL AUTO_INCREMENT, AUTO_INCREMENT=6;

--
-- AUTO_INCREMENT for table `users`
--
ALTER TABLE `users`
  MODIFY `user_id` int(11) NOT NULL AUTO_INCREMENT, AUTO_INCREMENT=5;

--
-- Constraints for dumped tables
--

--
-- Constraints for table `bookings`
--
ALTER TABLE `bookings`
  ADD CONSTRAINT `bookings_ibfk_1` FOREIGN KEY (`user_id`) REFERENCES `users` (`user_id`),
  ADD CONSTRAINT `bookings_ibfk_2` FOREIGN KEY (`table_id`) REFERENCES `tables` (`table_id`);
COMMIT;

/*!40101 SET CHARACTER_SET_CLIENT=@OLD_CHARACTER_SET_CLIENT */;
/*!40101 SET CHARACTER_SET_RESULTS=@OLD_CHARACTER_SET_RESULTS */;
/*!40101 SET COLLATION_CONNECTION=@OLD_COLLATION_CONNECTION */;
